x,x_approximate,x_unit,parameters_json,dependency_ids_json,precision,display_digits,combo.total,combo.total__approximate,combo.total__error,combo.total__unit
0,0,dimensionless,{},"[""combo"", ""skill_a"", ""skill_b""]",30,12,2200,2200.00000000,,damage
1/100,0.0100000000000,dimensionless,{},"[""combo"", ""skill_a"", ""skill_b""]",30,12,2222,2222.00000000,,damage
1/50,0.0200000000000,dimensionless,{},"[""combo"", ""skill_a"", ""skill_b""]",30,12,2244,2244.00000000,,damage
3/100,0.0300000000000,dimensionless,{},"[""combo"", ""skill_a"", ""skill_b""]",30,12,2266,2266.00000000,,damage
1/25,0.0400000000000,dimensionless,{},"[""combo"", ""skill_a"", ""skill_b""]",30,12,2288,2288.00000000,,damage
1/20,0.0500000000000,dimensionless,{},"[""combo"", ""skill_a"", ""skill_b""]",30,12,2310,2310.00000000,,damage
3/50,0.0600000000000,dimensionless,{},"[""combo"", ""skill_a"", ""skill_b""]",30,12,2332,2332.00000000,,damage
7/100,0.0700000000000,dimensionless,{},"[""combo"", ""skill_a"", ""skill_b""]",30,12,2354,2354.00000000,,damage
2/25,0.0800000000000,dimensionless,{},"[""combo"", ""skill_a"", ""skill_b""]",30,12,2376,2376.00000000,,damage
9/100,0.0900000000000,dimensionless,{},"[""combo"", ""skill_a"", ""skill_b""]",30,12,2398,2398.00000000,,damage
1/10,0.100000000000,dimensionless,{},"[""combo"", ""skill_a"", ""skill_b""]",30,12,2420,2420.00000000,,damage
11/100,0.110000000000,dimensionless,{},"[""combo"", ""skill_a"", ""skill_b""]",30,12,2442,2442.00000000,,damage
3/25,0.120000000000,dimensionless,{},"[""combo"", ""skill_a"", ""skill_b""]",30,12,2464,2464.00000000,,damage
13/100,0.130000000000,dimensionless,{},"[""combo"", ""skill_a"", ""skill_b""]",30,12,2486,2486.00000000,,damage
7/50,0.140000000000,dimensionless,{},"[""combo"", ""skill_a"", ""skill_b""]",30,12,2508,2508.00000000,,damage
3/20,0.150000000000,dimensionless,{},"[""combo"", ""skill_a"", ""skill_b""]",30,12,2530,2530.00000000,,damage
4/25,0.160000000000,dimensionless,{},"[""combo"", ""skill_a"", ""skill_b""]",30,12,2552,2552.00000000,,damage
17/100,0.170000000000,dimensionless,{},"[""combo"", ""skill_a"", ""skill_b""]",30,12,2574,2574.00000000,,damage
9/50,0.180000000000,dimensionless,{},"[""combo"", ""skill_a"", ""skill_b""]",30,12,2596,2596.00000000,,damage
19/100,0.190000000000,dimensionless,{},"[""combo"", ""skill_a"", ""skill_b""]",30,12,2618,2618.00000000,,damage
1/5,0.200000000000,dimensionless,{},"[""combo"", ""skill_a"", ""skill_b""]",30,12,2640,2640.00000000,,damage
21/100,0.210000000000,dimensionless,{},"[""combo"", ""skill_a"", ""skill_b""]",30,12,2662,2662.00000000,,damage
11/50,0.220000000000,dimensionless,{},"[""combo"", ""skill_a"", ""skill_b""]",30,12,2684,2684.00000000,,damage
23/100,0.230000000000,dimensionless,{},"[""combo"", ""skill_a"", ""skill_b""]",30,12,2706,2706.00000000,,damage
6/25,0.240000000000,dimensionless,{},"[""combo"", ""skill_a"", ""skill_b""]",30,12,2728,2728.00000000,,damage
1/4,0.250000000000,dimensionless,{},"[""combo"", ""skill_a"", ""skill_b""]",30,12,2750,2750.00000000,,damage
13/50,0.260000000000,dimensionless,{},"[""combo"", ""skill_a"", ""skill_b""]",30,12,2772,2772.00000000,,damage
27/100,0.270000000000,dimensionless,{},"[""combo"", ""skill_a"", ""skill_b""]",30,12,2794,2794.00000000,,damage
7/25,0.280000000000,dimensionless,{},"[""combo"", ""skill_a"", ""skill_b""]",30,12,2816,2816.00000000,,damage
29/100,0.290000000000,dimensionless,{},"[""combo"", ""skill_a"", ""skill_b""]",30,12,2838,2838.00000000,,damage
3/10,0.300000000000,dimensionless,{},"[""combo"", ""skill_a"", ""skill_b""]",30,12,2860,2860.00000000,,damage
31/100,0.310000000000,dimensionless,{},"[""combo"", ""skill_a"", ""skill_b""]",30,12,2882,2882.00000000,,damage
8/25,0.320000000000,dimensionless,{},"[""combo"", ""skill_a"", ""skill_b""]",30,12,2904,2904.00000000,,damage
33/100,0.330000000000,dimensionless,{},"[""combo"", ""skill_a"", ""skill_b""]",30,12,2926,2926.00000000,,damage
17/50,0.340000000000,dimensionless,{},"[""combo"", ""skill_a"", ""skill_b""]",30,12,2948,2948.00000000,,damage
7/20,0.350000000000,dimensionless,{},"[""combo"", ""skill_a"", ""skill_b""]",30,12,2970,2970.00000000,,damage
9/25,0.360000000000,dimensionless,{},"[""combo"", ""skill_a"", ""skill_b""]",30,12,2992,2992.00000000,,damage
37/100,0.370000000000,dimensionless,{},"[""combo"", ""skill_a"", ""skill_b""]",30,12,3014,3014.00000000,,damage
19/50,0.380000000000,dimensionless,{},"[""combo"", ""skill_a"", ""skill_b""]",30,12,3036,3036.00000000,,damage
39/100,0.390000000000,dimensionless,{},"[""combo"", ""skill_a"", ""skill_b""]",30,12,3058,3058.00000000,,damage
2/5,0.400000000000,dimensionless,{},"[""combo"", ""skill_a"", ""skill_b""]",30,12,3080,3080.00000000,,damage
41/100,0.410000000000,dimensionless,{},"[""combo"", ""skill_a"", ""skill_b""]",30,12,3102,3102.00000000,,damage
21/50,0.420000000000,dimensionless,{},"[""combo"", ""skill_a"", ""skill_b""]",30,12,3124,3124.00000000,,damage
43/100,0.430000000000,dimensionless,{},"[""combo"", ""skill_a"", ""skill_b""]",30,12,3146,3146.00000000,,damage
11/25,0.440000000000,dimensionless,{},"[""combo"", ""skill_a"", ""skill_b""]",30,12,3168,3168.00000000,,damage
9/20,0.450000000000,dimensionless,{},"[""combo"", ""skill_a"", ""skill_b""]",30,12,3190,3190.00000000,,damage
23/50,0.460000000000,dimensionless,{},"[""combo"", ""skill_a"", ""skill_b""]",30,12,3212,3212.00000000,,damage
47/100,0.470000000000,dimensionless,{},"[""combo"", ""skill_a"", ""skill_b""]",30,12,3234,3234.00000000,,damage
12/25,0.480000000000,dimensionless,{},"[""combo"", ""skill_a"", ""skill_b""]",30,12,3256,3256.00000000,,damage
49/100,0.490000000000,dimensionless,{},"[""combo"", ""skill_a"", ""skill_b""]",30,12,3278,3278.00000000,,damage
1/2,0.500000000000,dimensionless,{},"[""combo"", ""skill_a"", ""skill_b""]",30,12,3300,3300.00000000,,damage
51/100,0.510000000000,dimensionless,{},"[""combo"", ""skill_a"", ""skill_b""]",30,12,3322,3322.00000000,,damage
13/25,0.520000000000,dimensionless,{},"[""combo"", ""skill_a"", ""skill_b""]",30,12,3344,3344.00000000,,damage
53/100,0.530000000000,dimensionless,{},"[""combo"", ""skill_a"", ""skill_b""]",30,12,3366,3366.00000000,,damage
27/50,0.540000000000,dimensionless,{},"[""combo"", ""skill_a"", ""skill_b""]",30,12,3388,3388.00000000,,damage
11/20,0.550000000000,dimensionless,{},"[""combo"", ""skill_a"", ""skill_b""]",30,12,3410,3410.00000000,,damage
14/25,0.560000000000,dimensionless,{},"[""combo"", ""skill_a"", ""skill_b""]",30,12,3432,3432.00000000,,damage
57/100,0.570000000000,dimensionless,{},"[""combo"", ""skill_a"", ""skill_b""]",30,12,3454,3454.00000000,,damage
29/50,0.580000000000,dimensionless,{},"[""combo"", ""skill_a"", ""skill_b""]",30,12,3476,3476.00000000,,damage
59/100,0.590000000000,dimensionless,{},"[""combo"", ""skill_a"", ""skill_b""]",30,12,3498,3498.00000000,,damage
3/5,0.600000000000,dimensionless,{},"[""combo"", ""skill_a"", ""skill_b""]",30,12,3520,3520.00000000,,damage
