x,x_approximate,x_unit,parameters_json,dependency_ids_json,precision,display_digits,aoe_table.blackout_kick_dpc,aoe_table.blackout_kick_dpc__approximate,aoe_table.blackout_kick_dpc__error,aoe_table.blackout_kick_dpc__unit,aoe_table.tiger_palm_dpc,aoe_table.tiger_palm_dpc__approximate,aoe_table.tiger_palm_dpc__error,aoe_table.tiger_palm_dpc__unit,aoe_table.breath_of_fire_dpc,aoe_table.breath_of_fire_dpc__approximate,aoe_table.breath_of_fire_dpc__error,aoe_table.breath_of_fire_dpc__unit,aoe_table.keg_smash_dpc,aoe_table.keg_smash_dpc__approximate,aoe_table.keg_smash_dpc__error,aoe_table.keg_smash_dpc__unit,aoe_table.empty_keg_smash_dpc,aoe_table.empty_keg_smash_dpc__approximate,aoe_table.empty_keg_smash_dpc__error,aoe_table.empty_keg_smash_dpc__unit
1,1.00000000000,dimensionless,"{""damage_table.blackout_combo"": ""False"", ""damage_table.bring_me_another_3"": ""True"", ""damage_table.counterattack"": ""False"", ""damage_table.dragonfire_brew"": ""True"", ""damage_table.elusive_footwork"": ""True"", ""damage_table.face_palm"": ""True"", ""damage_table.haste_rating"": ""393"", ""damage_table.improved_blackout_kick"": ""True"", ""damage_table.scalding_brew"": ""False"", ""damage_table.season_one_set"": ""False"", ""damage_table.shadopan"": ""False"", ""damage_table.shadowboxing_treads"": ""True"", ""damage_table.treasured_brew"": ""True"", ""defense_table.crit_rating"": ""1091""}","[""aoe_table"", ""damage_table"", ""defense_table""]",30,12,660478591385613/1403808593750,470.490488751,,dimensionless,713772207603/1437500000,496.537187898,,dimensionless,414122539701/500000000,828.245079402,,dimensionless,326651173927/287500000,1136.17799627,,dimensionless,546696555847/287500000,1901.55323773,,dimensionless
2,2.00000000000,dimensionless,"{""damage_table.blackout_combo"": ""False"", ""damage_table.bring_me_another_3"": ""True"", ""damage_table.counterattack"": ""False"", ""damage_table.dragonfire_brew"": ""True"", ""damage_table.elusive_footwork"": ""True"", ""damage_table.face_palm"": ""True"", ""damage_table.haste_rating"": ""393"", ""damage_table.improved_blackout_kick"": ""True"", ""damage_table.scalding_brew"": ""False"", ""damage_table.season_one_set"": ""False"", ""damage_table.shadopan"": ""False"", ""damage_table.shadowboxing_treads"": ""True"", ""damage_table.treasured_brew"": ""True"", ""defense_table.crit_rating"": ""1091""}","[""aoe_table"", ""damage_table"", ""defense_table""]",30,12,660478591385613/701904296875,940.980977501,,dimensionless,2141316622809/3593750000,595.844625477,,dimensionless,6237114*sqrt(2)/15625 + 214534891701/250000000,1422.65868417,,dimensionless,522650402339/287500000,1817.91444292,,dimensionless,29305609244171/7187500000,4077.30215571,,dimensionless
3,3.00000000000,dimensionless,"{""damage_table.blackout_combo"": ""False"", ""damage_table.bring_me_another_3"": ""True"", ""damage_table.counterattack"": ""False"", ""damage_table.dragonfire_brew"": ""True"", ""damage_table.elusive_footwork"": ""True"", ""damage_table.face_palm"": ""True"", ""damage_table.haste_rating"": ""393"", ""damage_table.improved_blackout_kick"": ""True"", ""damage_table.scalding_brew"": ""False"", ""damage_table.season_one_set"": ""False"", ""damage_table.shadopan"": ""False"", ""damage_table.shadowboxing_treads"": ""True"", ""damage_table.treasured_brew"": ""True"", ""defense_table.crit_rating"": ""1091""}","[""aoe_table"", ""damage_table"", ""defense_table""]",30,12,1981435774156839/1403808593750,1411.47146625,,dimensionless,4996405453221/7187500000,695.152063057,,dimensionless,444017027103/500000000 + 8316152*sqrt(3)/15625,1809.88991260,,dimensionless,718649630751/287500000,2499.65088957,,dimensionless,34205589954471/7187500000,4759.03860236,,dimensionless
4,4.00000000000,dimensionless,"{""damage_table.blackout_combo"": ""False"", ""damage_table.bring_me_another_3"": ""True"", ""damage_table.counterattack"": ""False"", ""damage_table.dragonfire_brew"": ""True"", ""damage_table.elusive_footwork"": ""True"", ""damage_table.face_palm"": ""True"", ""damage_table.haste_rating"": ""393"", ""damage_table.improved_blackout_kick"": ""True"", ""damage_table.scalding_brew"": ""False"", ""damage_table.season_one_set"": ""False"", ""damage_table.shadopan"": ""False"", ""damage_table.shadowboxing_treads"": ""True"", ""damage_table.treasured_brew"": ""True"", ""defense_table.crit_rating"": ""1091""}","[""aoe_table"", ""damage_table"", ""defense_table""]",30,12,5283828731084904/3509521484375,1505.56956400,,dimensionless,713772207603/898437500,794.459500636,,dimensionless,264431803701/125000000,2115.45442961,,dimensionless,914648859163/287500000,3181.38733622,,dimensionless,39105570664771/7187500000,5440.77504901,,dimensionless
5,5.00000000000,dimensionless,"{""damage_table.blackout_combo"": ""False"", ""damage_table.bring_me_another_3"": ""True"", ""damage_table.counterattack"": ""False"", ""damage_table.dragonfire_brew"": ""True"", ""damage_table.elusive_footwork"": ""True"", ""damage_table.face_palm"": ""True"", ""damage_table.haste_rating"": ""393"", ""damage_table.improved_blackout_kick"": ""True"", ""damage_table.scalding_brew"": ""False"", ""damage_table.season_one_set"": ""False"", ""damage_table.shadopan"": ""False"", ""damage_table.shadowboxing_treads"": ""True"", ""damage_table.treasured_brew"": ""True"", ""defense_table.crit_rating"": ""1091""}","[""aoe_table"", ""damage_table"", ""defense_table""]",30,12,11228136053555421/7019042968750,1599.66766175,,dimensionless,6423949868427/7187500000,893.766938216,,dimensionless,94782302901/100000000 + 49896912*sqrt(5)/78125,2375.95598388,,dimensionless,44425923503/11500000,3863.12378287,,dimensionless,44005551375071/7187500000,6122.51149566,,dimensionless
6,6.00000000000,dimensionless,"{""damage_table.blackout_combo"": ""False"", ""damage_table.bring_me_another_3"": ""True"", ""damage_table.counterattack"": ""False"", ""damage_table.dragonfire_brew"": ""True"", ""damage_table.elusive_footwork"": ""True"", ""damage_table.face_palm"": ""True"", ""damage_table.haste_rating"": ""393"", ""damage_table.improved_blackout_kick"": ""True"", ""damage_table.scalding_brew"": ""False"", ""damage_table.season_one_set"": ""False"", ""damage_table.shadopan"": ""False"", ""damage_table.shadowboxing_treads"": ""True"", ""damage_table.treasured_brew"": ""True"", ""defense_table.crit_rating"": ""1091""}","[""aoe_table"", ""damage_table"", ""defense_table""]",30,12,53498765902234653*2**(4/5)/350952148437500 + 120867582223567179/87738037109375,1643.00772355,,dimensionless,713772207603/1796875000 + 713772207603*sqrt(30)/7187500000,941.158987222,,dimensionless,244429379103/250000000 + 2079038*sqrt(6)/3125,2607.34383829,,dimensionless,18936917623*sqrt(30)/25000000,4148.87078069,,dimensionless,507479662053/224609375 + 18936917623*sqrt(30)/25000000,6408.25849349,,dimensionless
7,7.00000000000,dimensionless,"{""damage_table.blackout_combo"": ""False"", ""damage_table.bring_me_another_3"": ""True"", ""damage_table.counterattack"": ""False"", ""damage_table.dragonfire_brew"": ""True"", ""damage_table.elusive_footwork"": ""True"", ""damage_table.face_palm"": ""True"", ""damage_table.haste_rating"": ""393"", ""damage_table.improved_blackout_kick"": ""True"", ""damage_table.scalding_brew"": ""False"", ""damage_table.season_one_set"": ""False"", ""damage_table.shadopan"": ""False"", ""damage_table.shadowboxing_treads"": ""True"", ""damage_table.treasured_brew"": ""True"", ""defense_table.crit_rating"": ""1091""}","[""aoe_table"", ""damage_table"", ""defense_table""]",30,12,124830453771880857*2**(3/5)/701904296875000 + 249000428952376101/175476074218750,1688.56254033,,dimensionless,713772207603/1796875000 + 713772207603*sqrt(35)/7187500000,984.740474094,,dimensionless,503806001907/500000000 + 74845368*sqrt(7)/109375,2818.10096851,,dimensionless,214663792057*sqrt(35)/287500000,4417.28041862,,dimensionless,507479662053/224609375 + 214663792057*sqrt(35)/287500000,6676.66813141,,dimensionless
8,8.00000000000,dimensionless,"{""damage_table.blackout_combo"": ""False"", ""damage_table.bring_me_another_3"": ""True"", ""damage_table.counterattack"": ""False"", ""damage_table.dragonfire_brew"": ""True"", ""damage_table.elusive_footwork"": ""True"", ""damage_table.face_palm"": ""True"", ""damage_table.haste_rating"": ""393"", ""damage_table.improved_blackout_kick"": ""True"", ""damage_table.scalding_brew"": ""False"", ""damage_table.season_one_set"": ""False"", ""damage_table.shadopan"": ""False"", ""damage_table.shadowboxing_treads"": ""True"", ""damage_table.treasured_brew"": ""True"", ""defense_table.crit_rating"": ""1091""}","[""aoe_table"", ""damage_table"", ""defense_table""]",30,12,17832921967411551*2**(2/5)/87738037109375 + 128132846728808922/87738037109375,1728.59495532,,dimensionless,713772207603/1796875000 + 713772207603*sqrt(10)/3593750000,1025.30513301,,dimensionless,64844155701/62500000 + 21829899*sqrt(2)/15625,3013.32340200,,dimensionless,1698645772811*sqrt(10)/1150000000,4670.94746078,,dimensionless,507479662053/224609375 + 1698645772811*sqrt(10)/1150000000,6930.33517358,,dimensionless
9,9.00000000000,dimensionless,"{""damage_table.blackout_combo"": ""False"", ""damage_table.bring_me_another_3"": ""True"", ""damage_table.counterattack"": ""False"", ""damage_table.dragonfire_brew"": ""True"", ""damage_table.elusive_footwork"": ""True"", ""damage_table.face_palm"": ""True"", ""damage_table.haste_rating"": ""393"", ""damage_table.improved_blackout_kick"": ""True"", ""damage_table.scalding_brew"": ""False"", ""damage_table.season_one_set"": ""False"", ""damage_table.shadopan"": ""False"", ""damage_table.shadowboxing_treads"": ""True"", ""damage_table.treasured_brew"": ""True"", ""defense_table.crit_rating"": ""1091""}","[""aoe_table"", ""damage_table"", ""defense_table""]",30,12,160496297706703959*2**(1/5)/701904296875000 + 263530957962859587/175476074218750,1764.46514222,,dimensionless,713772207603/1796875000 + 2141316622809*sqrt(5)/7187500000,1063.40429362,,dimensionless,1598167945309/500000000,3196.33589062,,dimensionless,631548333741*sqrt(5)/287500000,4911.94784460,,dimensionless,507479662053/224609375 + 631548333741*sqrt(5)/287500000,7171.33555739,,dimensionless
10,10.0000000000,dimensionless,"{""damage_table.blackout_combo"": ""False"", ""damage_table.bring_me_another_3"": ""True"", ""damage_table.counterattack"": ""False"", ""damage_table.dragonfire_brew"": ""True"", ""damage_table.elusive_footwork"": ""True"", ""damage_table.face_palm"": ""True"", ""damage_table.haste_rating"": ""393"", ""damage_table.improved_blackout_kick"": ""True"", ""damage_table.scalding_brew"": ""False"", ""damage_table.season_one_set"": ""False"", ""damage_table.shadopan"": ""False"", ""damage_table.shadowboxing_treads"": ""True"", ""damage_table.treasured_brew"": ""True"", ""defense_table.crit_rating"": ""1091""}","[""aoe_table"", ""damage_table"", ""defense_table""]",30,12,126151410954652083/70190429687500,1797.27366703,,dimensionless,713772207603/1796875000 + 713772207603*sqrt(2)/1437500000,1099.43937567,,dimensionless,54864773301/50000000 + 56134026*sqrt(10)/78125,3369.44108388,,dimensionless,418128845927*sqrt(2)/115000000,5141.94334547,,dimensionless,507479662053/224609375 + 418128845927*sqrt(2)/115000000,7401.33105827,,dimensionless
11,11.0000000000,dimensionless,"{""damage_table.blackout_combo"": ""False"", ""damage_table.bring_me_another_3"": ""True"", ""damage_table.counterattack"": ""False"", ""damage_table.dragonfire_brew"": ""True"", ""damage_table.elusive_footwork"": ""True"", ""damage_table.face_palm"": ""True"", ""damage_table.haste_rating"": ""393"", ""damage_table.improved_blackout_kick"": ""True"", ""damage_table.scalding_brew"": ""False"", ""damage_table.season_one_set"": ""False"", ""damage_table.shadopan"": ""False"", ""damage_table.shadowboxing_treads"": ""True"", ""damage_table.treasured_brew"": ""True"", ""defense_table.crit_rating"": ""1091""}","[""aoe_table"", ""damage_table"", ""defense_table""]",30,12,196162141641527061*2**(4/5)/1403808593750000 + 278061486973343073/175476074218750,1827.90590756,,dimensionless,713772207603/1796875000 + 713772207603*sqrt(55)/7187500000,1133.71341865,,dimensionless,563594976711/500000000 + 24948456*sqrt(11)/34375,3534.30755781,,dimensionless,2286643458047*sqrt(55)/3162500000,5362.27723450,,dimensionless,507479662053/224609375 + 2286643458047*sqrt(55)/3162500000,7621.66494729,,dimensionless
12,12.0000000000,dimensionless,"{""damage_table.blackout_combo"": ""False"", ""damage_table.bring_me_another_3"": ""True"", ""damage_table.counterattack"": ""False"", ""damage_table.dragonfire_brew"": ""True"", ""damage_table.elusive_footwork"": ""True"", ""damage_table.face_palm"": ""True"", ""damage_table.haste_rating"": ""393"", ""damage_table.improved_blackout_kick"": ""True"", ""damage_table.scalding_brew"": ""False"", ""damage_table.season_one_set"": ""False"", ""damage_table.shadopan"": ""False"", ""damage_table.shadowboxing_treads"": ""True"", ""damage_table.treasured_brew"": ""True"", ""defense_table.crit_rating"": ""1091""}","[""aoe_table"", ""damage_table"", ""defense_table""]",30,12,53498765902234653*2**(3/5)/350952148437500 + 142663375739292408/87738037109375,1857.06932305,,dimensionless,713772207603/1796875000 + 713772207603*sqrt(15)/3593750000,1166.46185412,,dimensionless,144635555103/125000000 + 22869418*sqrt(3)/15625,3692.18805142,,dimensionless,827547562153*sqrt(15)/575000000,5574.04856768,,dimensionless,507479662053/224609375 + 827547562153*sqrt(15)/575000000,7833.43628047,,dimensionless
13,13.0000000000,dimensionless,"{""damage_table.blackout_combo"": ""False"", ""damage_table.bring_me_another_3"": ""True"", ""damage_table.counterattack"": ""False"", ""damage_table.dragonfire_brew"": ""True"", ""damage_table.elusive_footwork"": ""True"", ""damage_table.face_palm"": ""True"", ""damage_table.haste_rating"": ""393"", ""damage_table.improved_blackout_kick"": ""True"", ""damage_table.scalding_brew"": ""False"", ""damage_table.season_one_set"": ""False"", ""damage_table.shadopan"": ""False"", ""damage_table.shadowboxing_treads"": ""True"", ""damage_table.treasured_brew"": ""True"", ""defense_table.crit_rating"": ""1091""}","[""aoe_table"", ""damage_table"", ""defense_table""]",30,12,231827985576350163*2**(2/5)/1403808593750000 + 292592015983826559/175476074218750,1885.32468070,,dimensionless,713772207603/1796875000 + 713772207603*sqrt(65)/7187500000,1197.87190841,,dimensionless,593489464113/500000000 + 11514672*sqrt(13)/15625,3844.05030846,,dimensionless,206049378067*sqrt(65)/287500000,5778.16763427,,dimensionless,507479662053/224609375 + 206049378067*sqrt(65)/287500000,8037.55534706,,dimensionless
14,14.0000000000,dimensionless,"{""damage_table.blackout_combo"": ""False"", ""damage_table.bring_me_another_3"": ""True"", ""damage_table.counterattack"": ""False"", ""damage_table.dragonfire_brew"": ""True"", ""damage_table.elusive_footwork"": ""True"", ""damage_table.face_palm"": ""True"", ""damage_table.haste_rating"": ""393"", ""damage_table.improved_blackout_kick"": ""True"", ""damage_table.scalding_brew"": ""False"", ""damage_table.season_one_set"": ""False"", ""damage_table.shadopan"": ""False"", ""damage_table.shadowboxing_treads"": ""True"", ""damage_table.treasured_brew"": ""True"", ""defense_table.crit_rating"": ""1091""}","[""aoe_table"", ""damage_table"", ""defense_table""]",30,12,124830453771880857*2**(1/5)/701904296875000 + 149928640244534151/87738037109375,1913.11217902,,dimensionless,713772207603/1796875000 + 713772207603*sqrt(70)/7187500000,1228.09538392,,dimensionless,304218353907/250000000 + 81082482*sqrt(14)/109375,3990.65963472,,dimensionless,410663020469*sqrt(70)/575000000,5975.39710612,,dimensionless,507479662053/224609375 + 410663020469*sqrt(70)/575000000,8234.78481892,,dimensionless
15,15.0000000000,dimensionless,"{""damage_table.blackout_combo"": ""False"", ""damage_table.bring_me_another_3"": ""True"", ""damage_table.counterattack"": ""False"", ""damage_table.dragonfire_brew"": ""True"", ""damage_table.elusive_footwork"": ""True"", ""damage_table.face_palm"": ""True"", ""damage_table.haste_rating"": ""393"", ""damage_table.improved_blackout_kick"": ""True"", ""damage_table.scalding_brew"": ""False"", ""damage_table.season_one_set"": ""False"", ""damage_table.shadopan"": ""False"", ""damage_table.shadowboxing_treads"": ""True"", ""damage_table.treasured_brew"": ""True"", ""defense_table.crit_rating"": ""1091""}","[""aoe_table"", ""damage_table"", ""defense_table""]",30,12,21795793515725229/11230468750000,1940.77326610,,dimensionless,713772207603/1796875000 + 713772207603*sqrt(3)/1437500000,1257.25738760,,dimensionless,124676790303/100000000 + 58213064*sqrt(15)/78125,4132.63321380,,dimensionless,204709358113*sqrt(3)/57500000,6166.38276585,,dimensionless,507479662053/224609375 + 204709358113*sqrt(3)/57500000,8425.77047865,,dimensionless
16,16.0000000000,dimensionless,"{""damage_table.blackout_combo"": ""False"", ""damage_table.bring_me_another_3"": ""True"", ""damage_table.counterattack"": ""False"", ""damage_table.dragonfire_brew"": ""True"", ""damage_table.elusive_footwork"": ""True"", ""damage_table.face_palm"": ""True"", ""damage_table.haste_rating"": ""393"", ""damage_table.improved_blackout_kick"": ""True"", ""damage_table.scalding_brew"": ""False"", ""damage_table.season_one_set"": ""False"", ""damage_table.shadopan"": ""False"", ""damage_table.shadowboxing_treads"": ""True"", ""damage_table.treasured_brew"": ""True"", ""defense_table.crit_rating"": ""1091""}","[""aoe_table"", ""damage_table"", ""defense_table""]",30,12,17832921967411551*2**(4/5)/175476074218750 + 157193904749775894/87738037109375,1968.56882948,,dimensionless,713772207603/1796875000 + 713772207603*sqrt(5)/1796875000,1285.46247471,,dimensionless,133452409701/31250000,4270.47711043,,dimensionless,3266639600107*sqrt(5)/1150000000,6351.67669898,,dimensionless,507479662053/224609375 + 3266639600107*sqrt(5)/1150000000,8611.06441178,,dimensionless
17,17.0000000000,dimensionless,"{""damage_table.blackout_combo"": ""False"", ""damage_table.bring_me_another_3"": ""True"", ""damage_table.counterattack"": ""False"", ""damage_table.dragonfire_brew"": ""True"", ""damage_table.elusive_footwork"": ""True"", ""damage_table.face_palm"": ""True"", ""damage_table.haste_rating"": ""393"", ""damage_table.improved_blackout_kick"": ""True"", ""damage_table.scalding_brew"": ""False"", ""damage_table.season_one_set"": ""False"", ""damage_table.shadopan"": ""False"", ""damage_table.shadowboxing_treads"": ""True"", ""damage_table.treasured_brew"": ""True"", ""defense_table.crit_rating"": ""1091""}","[""aoe_table"", ""damage_table"", ""defense_table""]",30,12,303159673445996367*2**(3/5)/2807617187500000 + 321653074004793531/175476074218750,1996.69433154,,dimensionless,713772207603/1796875000 + 713772207603*sqrt(85)/7187500000,1312.79908602,,dimensionless,653278438917/500000000 + 199587648*sqrt(17)/265625,4404.61223510,,dimensionless,3462638828519*sqrt(85)/4887500000,6531.75501158,,dimensionless,507479662053/224609375 + 3462638828519*sqrt(85)/4887500000,8791.14272437,,dimensionless
18,18.0000000000,dimensionless,"{""damage_table.blackout_combo"": ""False"", ""damage_table.bring_me_another_3"": ""True"", ""damage_table.counterattack"": ""False"", ""damage_table.dragonfire_brew"": ""True"", ""damage_table.elusive_footwork"": ""True"", ""damage_table.face_palm"": ""True"", ""damage_table.haste_rating"": ""393"", ""damage_table.improved_blackout_kick"": ""True"", ""damage_table.scalding_brew"": ""False"", ""damage_table.season_one_set"": ""False"", ""damage_table.shadopan"": ""False"", ""damage_table.shadowboxing_treads"": ""True"", ""damage_table.treasured_brew"": ""True"", ""defense_table.crit_rating"": ""1091""}","[""aoe_table"", ""damage_table"", ""defense_table""]",30,12,160496297706703959*2**(2/5)/1403808593750000 + 164459169255017637/87738037109375,2025.29237619,,dimensionless,713772207603/1796875000 + 2141316622809*sqrt(10)/7187500000,1339.34282436,,dimensionless,334112841309/250000000 + 35343646*sqrt(2)/15625,4535.39303032,,dimensionless,1219546018977*sqrt(10)/575000000,6707.03153280,,dimensionless,507479662053/224609375 + 1219546018977*sqrt(10)/575000000,8966.41924559,,dimensionless
19,19.0000000000,dimensionless,"{""damage_table.blackout_combo"": ""False"", ""damage_table.bring_me_another_3"": ""True"", ""damage_table.counterattack"": ""False"", ""damage_table.dragonfire_brew"": ""True"", ""damage_table.elusive_footwork"": ""True"", ""damage_table.face_palm"": ""True"", ""damage_table.haste_rating"": ""393"", ""damage_table.improved_blackout_kick"": ""True"", ""damage_table.scalding_brew"": ""False"", ""damage_table.season_one_set"": ""False"", ""damage_table.shadopan"": ""False"", ""damage_table.shadowboxing_treads"": ""True"", ""damage_table.treasured_brew"": ""True"", ""defense_table.crit_rating"": ""1091""}","[""aoe_table"", ""damage_table"", ""defense_table""]",30,12,338825517380819469*2**(1/5)/2807617187500000 + 336183603015277017/175476074218750,2054.46311854,,dimensionless,713772207603/1796875000 + 713772207603*sqrt(95)/7187500000,1365.15892132,,dimensionless,683172926319/500000000 + 224536104*sqrt(19)/296875,4663.12121773,,dimensionless,202875646597*sqrt(95)/287500000,6877.86853896,,dimensionless,507479662053/224609375 + 202875646597*sqrt(95)/287500000,9137.25625175,,dimensionless
20,20.0000000000,dimensionless,"{""damage_table.blackout_combo"": ""False"", ""damage_table.bring_me_another_3"": ""True"", ""damage_table.counterattack"": ""False"", ""damage_table.dragonfire_brew"": ""True"", ""damage_table.elusive_footwork"": ""True"", ""damage_table.face_palm"": ""True"", ""damage_table.haste_rating"": ""393"", ""damage_table.improved_blackout_kick"": ""True"", ""damage_table.scalding_brew"": ""False"", ""damage_table.season_one_set"": ""False"", ""damage_table.shadopan"": ""False"", ""damage_table.shadowboxing_treads"": ""True"", ""damage_table.treasured_brew"": ""True"", ""defense_table.crit_rating"": ""1091""}","[""aoe_table"", ""damage_table"", ""defense_table""]",30,12,292592015983826559/140380859375000,2084.27286516,,dimensionless,4996405453221/3593750000,1390.30412611,,dimensionless,34906008501/25000000 + 118505166*sqrt(5)/78125,4788.05610786,,dimensionless,810127302751/115000000,7044.58524131,,dimensionless,133744611215267/14375000000,9303.97295411,,dimensionless
